Cluster,Keyword,Intent
感情・ペイン,経営者 孤独,自分が感じている孤独の正体を知りたい
感情・ペイン,経営者 悩み,他の経営者がどんな悩みを抱えているか知りたい
感情・ペイン,経営者 孤独 なぜ,なぜ自分だけがこんなに辛いのか理由を言語化したい
感情・ペイン,社長 孤独 理由,トップ特有の孤独感の原因を客観視したい
感情・ペイン,経営者 プレッシャー,重圧に押しつぶされそうな状態をどうにかしたい
感情・ペイン,経営者 ストレス,限界に近いストレスの原因と対処法を知りたい
感情・ペイン,経営者 メンタル,メンタルヘルスの悪化を防ぎたい
感情・ペイン,経営者 辛い,ただ辛いという感情に共感してほしい
感情・ペイン,社長 辞めたい,逃げ出したいほどの重圧の乗り越え方を探している
感情・ペイン,経営者 弱音,弱音を吐ける場所や相手がほしい
感情・ペイン,トップの孤独,トップだからこその孤独を理解してくれる記事を読みたい
感情・ペイン,CEO 孤独,CEOとしての精神的な孤立感を和らげたい
感情・ペイン,経営者 誰にも相談できない,相談できないこと自体が課題であると認識している
感情・ペイン,社長 理解されない,社員や家族との視座の違いによる寂しさ
感情・ペイン,経営者 眠れない,重圧による不眠などの具体的な症状
感情・ペイン,経営者 鬱,深刻なメンタル不調のサイン
感情・ペイン,社長 不安,未来や資金、人に対する漠然とした不安
感情・ペイン,経営者 決断 怖い,正解がない中での最終決断への恐怖
感情・ペイン,経営者 責任 重い,全責任を負うことのプレッシャー
感情・ペイン,社長 孤立,組織内での物理的・精神的な孤立
感情・ペイン,経営者 腹心 いない,本音を話せる右腕がいないことへの課題感
感情・ペイン,右腕 不在,No.2が育たない、いないことへの焦り
感情・ペイン,経営者 愚痴,愚痴をこぼす場所の模索
感情・ペイン,社長 泣きたい,限界を迎えている感情の吐露
感情・ペイン,経営者 孤独感,漠然とした孤独感の正体を知りたい
組織・構造の歪み,経営者 従業員 意識の差,社員との熱量や当事者意識のギャップに悩む
組織・構造の歪み,社長 社員 埋まらない溝,何度言っても伝わらないコミュニケーション不全
組織・構造の歪み,経営者 現場 距離,現場の状況が見えなくなることへの危機感
組織・構造の歪み,情報の非対称性 経営,経営側と現場での見えている景色の違い
組織・構造の歪み,経営陣 現場 対立,方針を巡る現場との摩擦や反発
組織・構造の歪み,社長 孤独 構造,孤独は個人の感情ではなく構造の問題であるという気づき
組織・構造の歪み,トップダウン 弊害,指示待ち人間ばかりになることへの悩み
組織・構造の歪み,経営者 評価されない,結果を出しても感謝されないことへの虚無感
組織・構造の歪み,経営者 報酬 割に合わない,背負うリスクに対してリターンが見合わない感覚
組織・構造の歪み,経営者 役割 曖昧,自分が何に注力すべきか分からなくなっている
組織・構造の歪み,CXO 役割,CXOとしての正しい動き方や定義を知りたい
組織・構造の歪み,No.2 役割,No.2としての板挟みの苦しさと役割の再定義
組織・構造の歪み,社長 右腕 役割,社長の右腕に何を求むべきか、どう動くべきか
組織・構造の歪み,経営陣 責任の所在,役員間での責任の押し付け合いや曖昧さ
組織・構造の歪み,社長 独断,結局自分で決めてしまうことへの自己嫌悪と焦り
組織・構造の歪み,権限委譲 失敗,任せた結果失敗し、結局自分で巻き取る徒労感
組織・構造の歪み,任せられない 病,人に任せるのが怖くて自分で抱え込む状態
組織・構造の歪み,組織 フェーズ 変化 悩み,10人の壁、30人の壁などフェーズ移行時の歪み
組織・構造の歪み,経営層 現場 断絶,ミドルマネジメントが機能しないことによる断絶
組織・構造の歪み,社長 視座 高すぎる,視座の高さが現場との乖離を生んでいることへの悩み
対人・関係性,経営者 相談相手,安全に本音を話せる第三者を探している
対人・関係性,社長 相談 誰に,社内の人間には言えない悩みの持っていき場
対人・関係性,経営者 家族 相談できない,家庭に仕事の悩みを持ち込みたくない
対人・関係性,経営者 友達 いなくなる,立場が変わることで過去の友人と話が合わなくなる
対人・関係性,経営者 社員 相談できない,社員を不安にさせたくないため本音を隠す
対人・関係性,役員間 対立,経営チーム内での方針の違いや感情的なもつれ
対人・関係性,経営者 幹部 喧嘩,幹部との衝突をどう建設的な議論に変えるか
対人・関係性,社長 No.2 仲違い,最も信頼すべきNo.2との関係悪化
対人・関係性,経営者 採用 悩み,自分の思いに共感してくれる人が採れない
対人・関係性,経営者 育成 悩み,人が育たない、育てる時間がない
対人・関係性,経営者 離職 辛い,手塩にかけた社員が辞めることの精神的ダメージ
対人・関係性,社長 孤独 社員との壁,社長という肩書きが生む目に見えない壁
対人・関係性,経営者 評価 悩み,どう評価すれば納得感が得られるのか分からない
対人・関係性,経営者 面談 憂鬱,メンバーとの1on1が単なるガス抜きや不満の捌け口になっている
対人・関係性,社長 パワハラ 恐れ,厳しく指導したいがハラスメントと言われる恐怖
対人・関係性,経営者 叱れない,嫌われるのを恐れて迎合してしまう自分への苛立ち
対人・関係性,経営陣 コミュニケーション不全,言わなくても分かるだろうという慢心が招く危機
対人・関係性,経営者 コーチング,プロのコーチに思考の整理を依頼したい
対人・関係性,経営者 メンター,自分より経験豊富な先輩経営者の教えを乞いたい
解決策・壁打ち,経営者 孤独 解消,具体的な解決アクションを知りたい
解決策・壁打ち,社長 孤独 乗り越え方,先人たちがどうやってこの孤独を克服したか
解決策・壁打ち,経営者 ストレス発散,健全なストレスの逃がし方
解決策・壁打ち,経営者 相談窓口,公的機関や専門家の相談窓口を探している
解決策・壁打ち,経営者 コミュニティ,同じ境遇の人と繋がれる場所
解決策・壁打ち,経営者 交流会,利害関係のないフラットな交流の場
解決策・壁打ち,社長 壁打ち,壁打ち相手（思考の整理役）の必要性を感じている
解決策・壁打ち,経営者 壁打ち 相手,質の高い壁打ちを提供してくれるプロを探している
解決策・壁打ち,思考整理 壁打ち,頭の中のモヤモヤを構造化してほしい
解決策・壁打ち,経営者 コーチング 効果,コーチングに投資する価値があるか知りたい
解決策・壁打ち,エグゼクティブコーチング,トップ層向けの高単価で質の高いコーチング
解決策・壁打ち,経営者 メンター 探し方,自分に合うメンターをどう見つけるか
解決策・壁打ち,壁打ち 相手 探し方,社外の信頼できる壁打ち相手の探し方
解決策・壁打ち,経営会議 ファシリテーション,不毛な経営会議をどうにかしたい
解決策・壁打ち,CXO 壁打ち,No.2・No.3特有の悩みを理解してくれる壁打ち相手
解決策・壁打ち,No.2 壁打ち,トップと現場の板挟みを解消したい
解決策・壁打ち,感情 構造化,感情論で終わらせず仕組みに落とし込む方法
解決策・壁打ち,モヤモヤ 言語化,言語化できない違和感を言葉にしたい
解決策・壁打ち,意思決定 支援,一人で決める恐怖を和らげ、確信を持たせてほしい
解決策・壁打ち,判断軸 作る,ブレない経営判断の軸を言語化したい
解決策・壁打ち,経営者 マインドセット,孤独に耐えうる強いマインドの作り方
解決策・壁打ち,経営者 思考法,トップ特有の思考プロセスを身につけたい
解決策・壁打ち,レジリエンス 経営者,何度失敗しても立ち上がる回復力
解決策・壁打ち,事実 構造化,物事を客観的な事実に分解する手法
解決策・壁打ち,感情 言語化,自分の本音や弱さから逃げずに向き合う
解決策・壁打ち,課題 レバレッジ,最も効果的な改善ポイントを見つける
解決策・壁打ち,システム思考 組織,個人のせいではなく組織システムの欠陥を探す
解決策・壁打ち,心理的安全性 経営,ぬるま湯ではない、真の心理的安全性の作り方
解決策・壁打ち,PM理論 経営,目標達成と集団維持のバランス
解決策・壁打ち,サイモンシネック Why,なぜやるのか（Why）から始めるリーダーシップ
解決策・壁打ち,レバレッジポイント 組織,最小の力で最大の効果を生む構造改革
解決策・壁打ち,コミットメント 引き出す,社員の当事者意識をどう醸成するか
解決策・壁打ち,自律性 組織,指示待ちではなく自ら動く組織の作り方
解決策・壁打ち,任せる 技術,丸投げでも過干渉でもない正しい任せ方
解決策・壁打ち,権限委譲 ステップ,権限を渡すための具体的な手順
解決策・壁打ち,評価基準 作り方,納得感のある評価制度の設計
解決策・壁打ち,KPI 自己定義,与えられるのではなく自分で目標を設定する
解決策・壁打ち,役割設計 経営,曖昧な役割を定義し直す
解決策・壁打ち,Will 言語化,個人のやりたいことと会社の方向性を擦り合わせる
解決策・壁打ち,行動デザイン 組織,感情論ではなく仕組みで行動を変える
解決策・壁打ち,経営会議 問いの質,会議を報告会ではなく思考の場に変える
解決策・壁打ち,1on1 問いかけ,部下の本音を引き出し成長を促す問いの技術
解決策・壁打ち,経営 羅針盤,迷った時に立ち返るブレない方針
